client_id,age,income,credit_score,loan_amount,loan_term_months,interest_rate,employment_status,has_default_history,default
1,56,78067,405,38772,60,32.92,unemployed,0,1
2,69,69376,727,27762,24,25.28,self-employed,0,1
3,46,65587,604,14283,24,14.22,employed,0,0
4,32,56976,616,40420,36,16.1,employed,0,0
5,60,124587,308,20554,60,21.51,employed,0,1
6,25,147534,372,21219,12,28.7,employed,0,1
7,38,87584,658,35919,24,14.54,employed,0,0
8,56,124537,522,10429,60,22.39,unemployed,1,1
9,36,98477,715,47840,60,15.37,employed,0,0
10,40,130911,669,45695,12,29.47,self-employed,0,1
11,28,62533,563,40673,60,19.0,employed,0,1
12,28,21828,617,20218,60,7.3,self-employed,0,0
13,41,21917,383,13452,60,9.98,self-employed,0,1
14,70,40618,617,49980,24,6.83,employed,0,0
15,53,52254,410,19951,12,19.98,employed,0,1
16,57,125292,550,2307,60,8.19,employed,0,1
17,41,136714,682,15852,60,8.42,unemployed,0,0
18,20,67362,306,26232,24,33.23,unemployed,0,1
19,39,40128,758,36428,12,31.18,employed,0,1
20,70,143781,383,44171,36,18.56,employed,0,1
21,19,131281,507,27485,24,34.57,employed,1,1
22,41,79383,689,11238,12,5.01,self-employed,0,0
23,61,85545,613,39975,60,23.42,employed,0,0
24,47,102180,321,2140,12,23.49,employed,0,1
25,55,107958,709,25842,12,18.72,employed,0,0
26,19,29865,814,27421,12,16.91,employed,1,1
27,38,22219,426,2708,36,18.66,self-employed,0,1
28,50,59809,313,4630,12,17.45,employed,0,1
29,29,136748,311,20595,36,26.91,employed,0,1
30,39,25287,386,11485,60,9.06,employed,0,1
31,61,146593,823,29308,36,10.93,employed,1,1
32,42,54387,836,45789,60,10.42,employed,0,0
33,66,28512,600,27086,60,12.87,unemployed,1,1
34,44,21342,542,17859,36,20.76,self-employed,0,1
35,59,83076,421,8684,24,8.34,employed,0,1
36,45,128872,446,26552,48,31.05,employed,0,1
37,33,39216,655,2207,12,13.92,unemployed,1,1
38,32,137512,608,47099,48,9.88,employed,0,0
39,64,136682,587,2960,12,25.27,employed,0,1
40,68,113070,606,1557,12,6.14,unemployed,1,1
41,61,99767,848,30689,60,23.6,self-employed,0,0
42,72,117829,651,49651,12,25.95,unemployed,0,1
43,69,46614,611,14893,12,11.45,unemployed,0,0
44,74,56258,358,33272,36,6.26,unemployed,0,1
45,20,113789,334,1882,48,15.91,employed,0,1
46,54,62078,744,38529,36,7.96,employed,0,0
47,68,126288,392,39635,12,8.49,employed,0,1
48,24,103524,506,30535,60,12.63,employed,0,1
49,38,116573,652,13869,36,13.86,employed,0,0
50,26,32219,631,8166,36,20.9,employed,1,1
51,56,20235,458,13982,24,25.35,employed,0,1
52,35,62929,323,41697,12,22.78,employed,0,1
53,21,147309,703,39115,60,9.45,employed,0,0
54,42,87444,815,8269,36,10.16,employed,0,0
55,31,28567,663,29064,36,31.36,employed,0,1
56,67,121834,681,14527,60,21.75,self-employed,0,0
57,26,90792,831,3454,12,31.1,employed,0,1
58,43,85441,451,21878,24,16.15,employed,0,1
59,70,104555,719,13991,36,23.43,self-employed,0,0
60,19,93698,549,3808,24,20.71,employed,0,1
61,37,144450,416,40410,48,14.57,employed,0,1
62,45,137248,811,37593,12,19.1,employed,0,0
63,64,25415,634,37304,48,20.07,employed,0,0
64,24,56159,717,31386,48,11.02,unemployed,1,1
65,61,63925,594,49077,48,14.45,employed,0,1
66,25,146523,670,4802,12,28.74,self-employed,0,1
67,64,25951,485,29753,12,32.47,employed,0,1
68,52,107388,545,22083,60,15.79,employed,0,1
69,31,28007,567,19354,24,14.21,employed,0,1
70,34,146730,536,23190,24,10.86,employed,0,1
71,53,61832,829,7142,60,25.35,employed,0,1
72,67,78596,320,29398,60,14.69,employed,0,1
73,57,141101,819,42862,48,34.63,employed,0,1
74,21,50523,399,34132,60,14.77,employed,0,1
75,19,108861,777,20503,36,16.82,employed,0,0
76,23,144194,597,49456,24,23.1,unemployed,0,1
77,71,106740,825,35631,60,29.05,employed,0,1
78,59,35524,633,17499,36,19.09,employed,0,0
79,21,149028,301,40852,36,17.68,employed,0,1
80,71,39282,674,9016,36,34.87,employed,1,1
81,46,43930,592,3384,36,5.31,self-employed,1,1
82,35,20077,617,16072,48,31.85,employed,0,1
83,43,125881,801,37703,36,9.47,self-employed,0,0
84,61,145501,680,46895,48,28.58,employed,0,1
85,51,40611,313,15482,48,23.54,self-employed,0,1
86,27,36984,803,41510,36,15.26,employed,0,0
87,53,34060,530,49933,24,31.22,unemployed,0,1
88,31,102985,383,22826,36,5.39,employed,1,1
89,48,104056,429,3490,36,11.8,employed,0,1
90,65,145329,444,47092,36,22.01,employed,0,1
91,32,63303,327,26518,24,15.55,employed,0,1
92,25,79207,365,25045,12,23.31,unemployed,0,1
93,31,95046,462,27910,12,5.72,employed,0,1
94,40,49287,528,25566,48,8.49,employed,0,1
95,74,113709,560,34905,48,8.81,employed,0,1
96,57,59711,748,28103,24,10.68,employed,0,0
97,38,31954,723,37188,60,18.78,employed,1,1
98,33,93340,759,6845,12,27.56,self-employed,0,1
99,62,92101,600,22162,48,32.17,employed,0,1
100,35,91520,602,37674,12,30.06,unemployed,0,1
101,64,107062,586,20337,24,10.91,employed,0,1
102,70,122974,694,23313,24,18.23,employed,0,0
103,41,38574,309,27943,60,10.98,self-employed,1,1
104,43,29184,569,13413,60,12.93,employed,0,1
105,42,39096,660,1276,24,20.11,employed,1,1
106,62,87728,556,18611,48,7.04,employed,0,1
107,58,54016,432,40105,12,11.55,employed,0,1
108,46,31246,575,12944,36,33.06,employed,1,1
109,32,65558,812,16906,60,18.98,unemployed,0,0
110,62,138721,612,21536,36,18.36,employed,0,0
111,18,38381,583,28810,48,5.44,employed,0,1
112,42,147796,420,13306,60,12.42,self-employed,0,1
113,24,56455,406,11503,36,30.99,unemployed,0,1
114,26,112263,503,20225,48,9.94,employed,1,1
115,41,24018,464,37976,12,17.45,employed,0,1
116,18,31302,604,12590,48,5.43,employed,0,0
117,61,87506,796,11886,60,19.35,unemployed,1,1
118,25,61157,455,13866,24,5.63,unemployed,0,1
119,41,74917,666,2088,12,29.59,employed,0,1
120,28,112738,550,4363,36,29.75,employed,0,1
121,68,116646,633,33792,60,28.63,employed,0,1
122,34,103122,810,10764,24,13.5,self-employed,0,0
123,25,44519,592,21620,48,30.12,employed,1,1
124,52,116809,319,43727,24,21.29,self-employed,0,1
125,52,107487,581,13935,60,16.21,unemployed,0,1
126,50,76819,300,9068,60,23.76,employed,0,1
127,22,100910,418,8295,24,5.37,employed,0,1
128,59,140430,334,42160,48,9.29,employed,0,1
129,56,91324,497,12390,24,27.27,employed,0,1
130,58,25408,784,42216,60,12.32,employed,0,0
131,45,79379,358,21131,60,22.94,employed,1,1
132,24,45053,460,30218,36,16.55,self-employed,0,1
133,26,29446,505,11433,36,30.64,unemployed,0,1
134,25,20922,311,16038,12,33.57,employed,1,1
135,29,118723,789,29182,60,31.51,employed,0,1
136,51,71356,575,12528,36,13.12,employed,0,1
137,50,30789,541,22281,24,10.82,self-employed,0,1
138,65,117720,515,49511,48,19.23,self-employed,0,1
139,72,86656,550,9605,24,5.22,employed,0,1
140,40,64028,425,35782,48,5.77,employed,0,1
141,41,84484,516,2381,36,21.6,employed,0,1
142,54,52154,605,2098,12,20.61,employed,0,0
143,52,102870,484,20810,24,34.84,employed,0,1
144,61,22336,338,25322,24,11.06,self-employed,0,1
145,57,123677,522,42869,24,12.74,unemployed,0,1
146,39,87779,483,33955,48,8.41,employed,1,1
147,44,39029,794,45716,36,32.53,self-employed,1,1
148,52,79201,726,11207,24,28.33,unemployed,0,1
149,18,52265,477,22793,24,29.67,employed,0,1
150,52,122916,727,3092,12,32.08,employed,0,1
151,54,132250,593,29220,12,20.75,unemployed,0,1
152,64,136553,450,19514,36,18.54,employed,0,1
153,31,63872,683,39010,36,14.91,unemployed,0,0
154,20,66197,607,9549,60,22.68,unemployed,0,0
155,18,145733,635,23031,12,18.63,self-employed,0,0
156,22,75180,674,6185,60,18.55,self-employed,1,1
157,43,43710,307,16271,48,33.11,self-employed,0,1
158,72,49486,640,6776,60,34.52,self-employed,0,1
159,31,91907,428,13449,24,28.89,employed,0,1
160,56,148876,651,25297,60,27.7,employed,0,1
161,44,91895,657,41591,36,25.42,employed,0,1
162,26,84435,816,16717,48,9.98,self-employed,0,0
163,32,60631,794,41123,24,6.77,employed,0,0
164,32,149038,385,40233,60,25.72,employed,0,1
165,43,121532,474,46505,48,26.86,employed,1,1
166,59,40103,492,47092,48,6.41,self-employed,1,1
167,30,84772,610,11350,24,32.84,unemployed,1,1
168,68,146108,418,31622,60,7.73,unemployed,0,1
169,49,34382,517,36323,48,13.58,employed,0,1
170,56,104291,726,3951,48,25.17,unemployed,0,1
171,66,121195,713,18622,12,10.1,self-employed,0,0
172,69,23756,413,5727,48,6.66,employed,0,1
173,49,40609,444,39454,12,14.93,employed,1,1
174,21,134074,837,37469,60,27.98,employed,0,1
175,47,36478,602,36548,60,17.41,unemployed,0,0
176,54,120978,644,24782,60,24.59,employed,0,0
177,40,59666,300,29454,36,22.39,employed,1,1
178,56,95683,446,3368,60,5.67,self-employed,0,1
179,62,119097,586,16592,48,34.66,employed,1,1
180,32,144714,352,23173,24,6.24,employed,1,1
181,60,120420,603,34204,12,34.03,employed,1,1
182,46,91315,368,36596,36,21.5,employed,0,1
183,53,97834,660,35324,60,33.89,self-employed,0,1
184,30,146205,519,47132,60,8.44,employed,0,1
185,49,34153,460,24864,24,19.71,employed,0,1
186,24,129415,388,48829,24,10.09,employed,0,1
187,68,96325,458,31750,36,6.53,employed,0,1
188,39,129701,788,11576,12,23.53,employed,1,1
189,45,32999,623,17566,60,11.23,self-employed,0,0
190,19,75318,680,8190,36,22.63,self-employed,1,1
191,59,20814,401,24071,48,8.37,self-employed,0,1
192,62,135033,793,39333,48,14.96,unemployed,0,0
193,74,96077,318,16369,36,28.45,employed,1,1
194,70,110474,753,25035,60,18.11,employed,0,0
195,23,22443,781,2589,36,23.83,unemployed,0,0
196,45,95993,696,26235,60,24.42,employed,0,0
197,45,95916,578,1159,24,30.31,employed,0,1
198,61,93319,664,13145,36,14.75,employed,0,0
199,61,145885,630,16373,60,25.62,employed,0,1
200,37,129777,643,32921,36,33.85,employed,0,1
201,47,37368,754,40323,36,26.91,unemployed,0,1
202,28,35328,364,17237,60,19.7,employed,0,1
203,72,76942,375,42971,60,23.92,employed,0,1
204,45,111751,442,9244,12,27.19,unemployed,0,1
205,42,119131,772,15743,36,23.37,unemployed,1,1
206,56,47306,716,32566,48,5.5,employed,0,0
207,50,105451,604,47101,36,10.84,employed,0,0
208,18,59915,796,47109,36,29.31,self-employed,0,1
209,74,57219,590,19691,60,13.18,self-employed,1,1
210,44,100879,401,34996,36,26.95,self-employed,0,1
211,74,131939,566,6590,36,16.16,unemployed,0,1
212,69,84644,302,6585,48,20.66,self-employed,0,1
213,30,80279,384,10227,60,7.04,employed,0,1
214,58,73028,627,29278,36,10.44,self-employed,0,0
215,20,124263,749,39814,24,33.72,employed,0,1
216,56,20126,753,13237,12,31.7,self-employed,0,1
217,23,72329,520,16649,48,24.57,employed,1,1
218,25,47632,453,38713,36,18.79,employed,0,1
219,44,127099,311,8927,24,25.27,employed,0,1
220,26,85310,432,46409,36,23.56,employed,0,1
221,54,129945,603,49766,36,22.06,employed,1,1
222,50,75176,592,47154,60,6.78,employed,1,1
223,68,139797,599,8016,60,23.98,employed,0,1
224,59,106066,342,15027,60,28.07,self-employed,0,1
225,61,125500,642,49688,24,34.82,employed,0,1
226,41,146413,625,25142,36,5.33,self-employed,0,0
227,32,64327,797,47520,12,26.91,self-employed,0,1
228,71,88904,663,24545,48,22.15,self-employed,0,0
229,49,23797,726,32897,60,18.02,employed,0,0
230,49,67882,320,4167,60,8.83,unemployed,0,1
231,41,33718,706,45757,36,17.27,employed,0,0
232,58,54560,635,27917,36,15.63,employed,0,0
233,69,96589,416,23736,24,14.08,employed,0,1
234,66,42116,423,28990,24,26.93,employed,0,1
235,66,56244,698,15087,60,26.02,unemployed,0,1
236,69,121721,350,23440,36,22.67,employed,0,1
237,29,21645,623,36205,12,33.16,self-employed,0,1
238,56,67523,440,16275,48,15.5,self-employed,0,1
239,19,144085,769,6276,36,12.31,employed,0,0
240,20,137718,633,42627,36,24.68,employed,0,0
241,66,39256,672,41586,24,10.96,employed,0,0
242,54,121376,793,38496,48,14.45,employed,0,0
243,66,120158,838,20008,60,11.74,employed,1,1
244,73,73173,455,6738,36,7.07,unemployed,0,1
245,34,57430,590,33402,60,29.82,unemployed,1,1
246,66,59282,443,6793,36,12.64,employed,0,1
247,19,139719,405,38291,60,19.19,employed,1,1
248,19,83374,719,6571,48,6.3,self-employed,0,0
249,45,88244,301,32331,24,25.98,employed,0,1
250,71,31694,389,17209,48,14.92,unemployed,0,1
251,40,76264,644,49014,12,27.34,employed,0,1
252,54,95060,649,26394,24,17.37,employed,1,1
253,49,117416,758,44148,48,10.87,self-employed,0,0
254,50,77545,562,26682,12,20.4,employed,0,1
255,18,138195,650,3224,36,8.92,unemployed,0,0
256,36,59224,407,42157,36,18.22,unemployed,0,1
257,19,122516,338,49695,60,14.52,employed,1,1
258,70,117945,458,45452,24,32.36,employed,0,1
259,61,33224,611,44408,36,6.83,unemployed,0,0
260,43,60738,540,33441,24,25.82,unemployed,0,1
261,49,45150,744,42430,36,10.48,employed,1,1
262,23,83731,597,40129,60,14.57,self-employed,0,1
263,49,69688,335,35716,48,17.47,employed,0,1
264,72,119929,383,45859,60,32.24,employed,0,1
265,21,128618,751,27586,12,12.28,unemployed,0,0
266,72,93509,684,45760,36,7.74,employed,0,0
267,28,28577,471,24478,12,14.56,unemployed,1,1
268,73,28070,675,7318,12,8.14,employed,0,0
269,34,146161,661,29694,24,8.86,employed,1,1
270,55,28666,440,21180,36,22.22,employed,0,1
271,41,77761,417,13180,12,6.83,employed,0,1
272,22,141178,576,34002,48,5.93,self-employed,1,1
273,69,56368,519,16372,12,26.43,employed,0,1
274,51,26783,325,30796,48,15.85,employed,0,1
275,23,131530,820,25427,24,8.76,employed,0,0
276,39,61914,309,34290,12,12.61,employed,0,1
277,28,90507,677,29099,60,24.26,self-employed,0,0
278,65,147738,451,46486,24,13.27,employed,0,1
279,33,99026,348,10821,48,19.84,employed,1,1
280,50,135893,453,6832,24,8.65,employed,1,1
281,26,131255,592,13820,12,22.64,employed,0,1
282,23,130616,349,17211,36,14.48,employed,1,1
283,33,87526,830,40890,36,23.81,employed,1,1
284,46,90835,359,6842,48,29.25,employed,0,1
285,20,65765,466,2316,48,23.35,self-employed,0,1
286,37,39956,501,46968,36,13.87,self-employed,0,1
287,53,107895,445,18508,48,12.67,employed,0,1
288,36,66240,738,23005,24,14.82,employed,0,0
289,43,141008,541,16206,60,9.94,employed,1,1
290,20,57148,782,19971,60,10.44,employed,0,0
291,36,114270,407,26599,24,28.72,employed,0,1
292,37,147978,525,23056,60,16.54,employed,0,1
293,49,24757,731,2378,12,18.08,employed,0,0
294,24,39097,718,2519,24,22.82,employed,0,0
295,69,30395,754,23161,48,22.69,employed,0,0
296,58,36241,459,41703,24,7.02,employed,0,1
297,50,123892,822,39861,36,29.95,employed,0,1
298,57,47696,376,6355,48,10.32,employed,0,1
299,56,135654,808,10083,36,26.69,employed,0,1
300,35,90480,740,39342,48,28.18,employed,0,1
301,57,66163,553,21456,60,26.45,employed,0,1
302,18,39816,619,14324,24,22.37,employed,0,0
303,28,69840,562,3257,12,5.44,employed,0,1
304,45,122547,673,28364,48,15.81,employed,0,0
305,74,72853,466,25972,48,23.15,employed,1,1
306,42,44917,758,47179,36,16.62,employed,0,0
307,67,116731,579,27654,60,30.9,self-employed,0,1
308,40,41566,601,16233,36,14.26,employed,1,1
309,48,95452,830,16887,36,13.81,employed,0,0
310,47,82823,517,30320,60,12.98,unemployed,0,1
311,59,141392,401,21808,12,14.98,employed,1,1
312,52,40806,587,31154,36,21.72,employed,0,1
313,24,95520,466,35773,36,26.21,unemployed,0,1
314,33,21759,335,28747,48,24.88,self-employed,1,1
315,43,146092,652,11860,60,29.23,employed,0,1
316,65,61949,372,43838,24,31.58,employed,0,1
317,74,112374,652,43156,12,29.48,employed,0,1
318,69,22482,369,19156,12,5.57,employed,0,1
319,66,44442,724,21360,60,27.08,employed,0,1
320,19,53719,816,19135,48,11.25,employed,0,0
321,18,78066,727,26351,48,8.99,employed,1,1
322,65,113501,838,31499,60,24.15,unemployed,1,1
323,29,22079,459,48377,48,14.59,unemployed,1,1
324,22,22717,448,24554,12,6.71,employed,0,1
325,54,79676,529,20604,12,9.13,employed,0,1
326,49,47952,366,17923,24,5.03,employed,1,1
327,72,106444,680,48591,60,32.1,unemployed,1,1
328,26,62460,357,9547,36,5.74,employed,0,1
329,58,110397,558,45283,36,11.28,employed,0,1
330,52,92847,641,34002,24,17.49,employed,0,0
331,36,113607,429,15562,24,15.7,employed,0,1
332,65,109106,471,8480,48,32.35,employed,0,1
333,33,38449,508,27672,24,6.21,self-employed,1,1
334,20,53536,653,5213,24,20.37,self-employed,0,0
335,37,84077,770,11293,36,25.41,employed,0,1
336,41,58258,415,35441,48,32.95,employed,0,1
337,71,68302,563,3100,24,23.61,employed,0,1
338,73,145937,741,45617,24,29.11,unemployed,0,1
339,50,48865,847,29172,48,7.51,unemployed,0,0
340,41,26645,752,21132,60,16.58,unemployed,0,0
341,69,139771,776,19199,48,16.22,unemployed,0,0
342,28,58000,586,37609,36,31.59,employed,0,1
343,66,46737,602,43965,60,9.54,employed,0,0
344,25,31485,610,9016,12,9.56,employed,0,0
345,53,58565,507,40779,48,14.86,unemployed,1,1
346,55,45522,745,38261,36,6.63,employed,0,0
347,57,139614,354,32881,60,10.47,employed,1,1
348,37,85155,311,18058,48,33.96,self-employed,0,1
349,52,75168,699,25472,24,17.85,employed,1,1
350,65,72487,814,42346,48,23.96,employed,1,1
351,42,149948,841,35926,12,26.78,self-employed,0,1
352,52,32342,536,35832,48,16.01,employed,0,1
353,42,60806,578,37021,60,9.42,employed,0,1
354,46,68770,647,25087,60,11.2,self-employed,1,1
355,35,98623,403,13828,48,14.4,employed,0,1
356,63,123177,816,32128,60,24.08,unemployed,0,0
357,35,119785,547,2401,24,16.95,employed,0,1
358,19,95629,663,20643,48,5.2,employed,1,1
359,71,140993,620,16193,24,20.7,self-employed,0,0
360,52,72603,585,27853,24,32.65,employed,0,1
361,33,146944,448,45864,36,29.36,employed,0,1
362,58,132726,383,21307,48,29.76,self-employed,0,1
363,53,101974,705,37982,60,28.85,employed,0,1
364,50,125947,755,20611,24,14.71,employed,0,0
365,21,46399,460,44791,36,27.96,employed,0,1
366,50,148177,759,12950,48,9.29,employed,1,1
367,31,105382,849,11704,48,24.73,employed,0,0
368,38,101244,799,44111,12,24.25,employed,0,0
369,65,129575,808,12867,12,5.77,self-employed,0,0
370,37,135520,780,3745,24,28.64,unemployed,0,1
371,73,130904,413,4866,12,32.1,employed,0,1
372,25,96534,660,33245,24,13.02,employed,0,0
373,24,75106,640,45724,60,29.37,employed,0,1
374,20,132599,748,6818,24,7.47,employed,0,0
375,34,50678,479,49861,12,23.0,self-employed,0,1
376,50,96218,706,31116,60,19.57,self-employed,1,1
377,65,83230,495,16493,12,21.38,self-employed,0,1
378,29,134684,765,29038,24,32.79,employed,1,1
379,68,94055,610,21447,36,31.14,employed,0,1
380,39,76373,561,31431,48,28.55,employed,0,1
381,72,51480,718,18908,12,13.21,employed,0,0
382,39,105230,705,30336,24,32.35,employed,1,1
383,63,88836,442,41992,60,7.93,unemployed,0,1
384,47,92258,641,5025,12,30.6,employed,0,1
385,55,59986,615,21093,12,14.84,self-employed,0,0
386,55,44160,400,7155,48,6.61,employed,0,1
387,62,105595,543,47607,24,25.08,employed,0,1
388,68,121358,789,34487,36,11.94,employed,0,0
389,71,99111,311,48658,60,12.31,employed,0,1
390,25,84929,538,21963,24,14.18,employed,1,1
391,44,93506,341,21936,60,6.91,employed,0,1
392,44,54911,728,5426,12,10.31,unemployed,0,0
393,51,107127,457,24303,48,5.15,employed,0,1
394,38,51821,515,46280,48,18.36,employed,1,1
395,47,95039,761,28606,36,7.53,unemployed,1,1
396,50,80535,433,48832,48,25.48,self-employed,1,1
397,45,133453,366,29151,12,12.07,self-employed,0,1
398,64,104458,306,14767,36,33.31,employed,1,1
399,50,32175,825,12308,24,31.14,unemployed,0,1
400,22,139235,372,45245,48,13.68,employed,0,1
401,65,74771,698,46671,36,28.5,employed,0,1
402,36,126660,704,25770,12,29.1,employed,0,1
403,21,147157,429,29572,60,34.6,employed,1,1
404,52,141300,765,42448,60,22.94,employed,0,0
405,66,106925,505,3204,12,7.46,employed,0,1
406,34,133374,565,28233,12,24.41,employed,0,1
407,61,86358,836,22729,60,23.75,employed,0,0
408,45,37327,552,32131,36,24.15,employed,0,1
409,47,67057,588,34870,60,14.21,unemployed,0,1
410,46,26150,463,39011,12,30.79,unemployed,1,1
411,63,24425,394,40382,48,33.78,employed,0,1
412,70,143654,409,42475,24,11.53,self-employed,0,1
413,23,36032,635,47681,48,7.64,self-employed,0,0
414,52,22198,537,22607,48,10.84,employed,0,1
415,58,80500,680,25968,12,29.62,employed,1,1
416,54,73394,735,34398,60,25.3,self-employed,0,1
417,41,40079,782,12908,36,24.08,unemployed,0,0
418,46,56220,324,27423,48,17.05,employed,0,1
419,66,61874,416,44615,60,22.33,employed,0,1
420,63,33859,781,10171,36,14.24,employed,0,0
421,70,70460,691,13721,48,19.32,employed,0,0
422,48,51419,836,17616,36,28.79,self-employed,0,1
423,52,138865,378,43512,60,34.44,self-employed,0,1
424,50,28705,472,39458,24,32.97,employed,0,1
425,69,62880,311,47169,60,33.02,unemployed,0,1
426,38,149838,427,8659,12,17.07,employed,0,1
427,49,43236,391,44369,36,19.06,unemployed,0,1
428,40,107955,842,12704,24,26.17,employed,1,1
429,50,105514,831,33793,36,32.67,employed,0,1
430,20,123145,746,49152,36,9.26,employed,0,0
431,35,35358,689,47473,48,14.13,employed,0,0
432,42,119713,342,32226,12,9.18,employed,1,1
433,59,114914,553,24852,36,23.36,employed,0,1
434,48,122870,429,33082,60,14.19,employed,1,1
435,71,96918,359,23794,60,14.78,self-employed,0,1
436,20,139179,766,42420,48,7.13,employed,1,1
437,57,136243,586,14379,12,15.49,employed,1,1
438,63,34596,816,8006,12,30.87,employed,0,1
439,41,53572,766,9682,60,11.99,self-employed,0,0
440,67,98757,644,34840,24,25.86,employed,0,1
441,49,21279,681,33430,48,23.89,unemployed,0,0
442,64,83197,552,24091,48,30.9,self-employed,0,1
443,39,131496,355,33983,60,8.97,employed,0,1
444,40,82516,762,24989,60,34.33,employed,0,1
445,19,27083,756,10915,24,22.48,employed,0,0
446,44,140674,382,43552,24,34.86,employed,0,1
447,59,140307,398,19990,12,32.35,unemployed,0,1
448,19,146457,448,25734,48,11.65,unemployed,0,1
449,43,129397,628,15824,48,6.68,employed,1,1
450,34,37771,455,37081,60,12.67,employed,0,1
451,57,49975,489,12033,12,20.83,self-employed,0,1
452,50,65648,793,43736,48,10.15,employed,0,0
453,26,145641,562,17241,12,10.02,employed,0,1
454,60,68285,379,6939,12,18.88,employed,0,1
455,71,39063,699,48464,60,6.0,employed,0,0
456,65,87642,559,48562,12,8.66,self-employed,1,1
457,56,110093,400,36063,24,17.48,employed,0,1
458,46,134390,658,35464,24,6.89,employed,0,0
459,59,106143,679,12185,36,16.9,unemployed,1,1
460,72,57599,520,28045,60,19.22,employed,0,1
461,43,71920,719,45769,36,18.54,unemployed,1,1
462,52,48529,423,48118,24,31.08,employed,1,1
463,67,55954,721,20167,36,20.9,employed,0,0
464,42,47856,530,37412,60,19.04,unemployed,0,1
465,41,22573,362,22625,60,17.32,employed,0,1
466,30,98344,784,40188,12,29.53,employed,0,1
467,24,55367,782,28076,48,31.85,employed,0,1
468,74,122337,818,45605,12,30.6,employed,1,1
469,53,126732,454,20029,60,25.21,employed,0,1
470,62,119608,391,23973,24,9.12,unemployed,0,1
471,37,80774,825,40121,24,13.31,unemployed,0,0
472,18,43752,754,32433,12,6.38,unemployed,0,0
473,25,75029,809,44309,60,32.92,employed,0,1
474,63,37685,482,2932,24,24.82,employed,0,1
475,33,71693,685,45254,60,27.39,employed,0,1
476,31,136739,704,2757,24,14.35,unemployed,0,0
477,29,75961,545,31722,60,30.37,employed,0,1
478,68,126937,770,38853,36,12.79,employed,0,0
479,40,144956,722,39405,60,5.05,self-employed,0,0
480,32,96908,364,2116,60,16.29,employed,0,1
481,45,145537,312,44527,12,22.12,employed,0,1
482,51,146678,512,12691,36,19.36,unemployed,0,1
483,19,94532,541,1492,48,30.86,unemployed,0,1
484,49,101994,792,28882,12,8.16,employed,0,0
485,40,76133,512,9811,48,21.61,employed,0,1
486,39,117425,637,28808,24,20.39,unemployed,0,0
487,68,145055,472,25272,48,13.44,employed,0,1
488,42,81268,463,29399,60,29.67,employed,0,1
489,39,112201,764,7474,48,27.59,employed,0,1
490,39,58243,796,27956,12,26.99,employed,1,1
491,66,77384,694,48153,12,31.29,employed,0,1
492,69,51653,607,43506,48,26.68,employed,0,1
493,59,46657,482,14979,12,11.96,employed,0,1
494,23,59952,809,45523,12,26.17,employed,0,1
495,32,42180,845,43565,48,14.23,unemployed,1,1
496,71,117432,526,29328,36,12.27,self-employed,0,1
497,60,141829,735,48375,36,7.19,self-employed,1,1
498,54,148377,721,13867,24,27.32,employed,0,1
499,50,98411,320,26851,12,26.33,employed,0,1
500,25,21622,696,32279,48,12.03,employed,0,0
501,70,68756,404,31527,12,27.48,unemployed,0,1
502,61,60809,491,8866,60,32.54,employed,0,1
503,61,36725,316,16449,12,8.24,employed,0,1
504,22,81396,419,11685,12,11.98,self-employed,0,1
505,56,71226,692,24544,36,27.51,employed,0,1
506,21,126296,724,6451,48,13.24,employed,1,1
507,23,101182,428,22642,12,23.74,unemployed,0,1
508,62,102565,429,42316,36,7.43,unemployed,0,1
509,49,49402,328,40954,24,18.57,employed,0,1
510,69,24263,396,39870,36,27.17,unemployed,0,1
511,47,143489,309,32030,36,25.6,self-employed,0,1
512,64,116523,541,31873,36,29.45,self-employed,0,1
513,52,66828,531,1619,12,31.32,employed,1,1
514,72,140824,583,34650,12,28.2,employed,0,1
515,57,67924,499,26372,24,25.15,employed,0,1
516,69,94182,378,4642,60,5.95,unemployed,0,1
517,33,113065,472,29001,60,21.05,employed,0,1
518,30,79052,766,35064,60,6.13,employed,0,0
519,67,31664,715,30290,24,29.24,employed,0,1
520,59,55737,748,15122,60,14.62,self-employed,0,0
521,47,121332,386,25820,60,21.87,employed,1,1
522,36,109563,400,3895,36,13.38,employed,0,1
523,34,49373,307,6366,12,28.48,employed,0,1
524,73,137369,499,9711,12,31.6,employed,0,1
525,36,56397,804,20596,36,16.96,self-employed,0,0
526,45,148575,386,19793,36,30.89,self-employed,0,1
527,72,106145,342,9199,36,13.01,employed,0,1
528,43,121371,684,11717,12,21.04,employed,0,0
529,54,58709,734,37191,60,30.76,self-employed,1,1
530,43,136074,707,11211,36,14.78,employed,1,1
531,70,81120,782,46550,24,33.62,employed,0,1
532,40,39250,316,24360,36,8.66,unemployed,1,1
533,26,41172,447,22542,48,5.55,employed,0,1
534,29,31555,576,32312,36,32.12,unemployed,0,1
535,70,107410,531,46242,12,7.06,employed,1,1
536,18,98617,665,37435,36,34.76,employed,0,1
537,18,73276,527,29247,48,33.54,employed,0,1
538,64,77492,735,23357,24,9.11,unemployed,0,0
539,51,73002,698,42045,60,21.13,employed,0,0
540,49,140103,510,28691,36,10.55,employed,1,1
541,71,144938,690,13424,48,17.84,unemployed,0,0
542,65,109599,798,19852,48,6.84,employed,0,0
543,42,92355,839,23601,24,11.72,employed,0,0
544,57,111248,790,19020,12,15.9,employed,0,0
545,62,44762,741,9155,36,18.16,self-employed,0,0
546,70,31046,560,4583,48,34.32,employed,0,1
547,18,116999,649,16515,24,29.24,employed,0,1
548,33,144130,651,37777,60,27.12,employed,0,1
549,56,136021,819,20710,48,21.11,employed,1,1
550,22,48769,619,44178,24,30.2,unemployed,0,1
551,39,73302,437,25532,12,15.18,unemployed,0,1
552,46,43150,849,19601,12,26.27,self-employed,0,1
553,72,88247,667,5967,48,34.81,self-employed,1,1
554,20,24853,519,19753,48,14.44,self-employed,1,1
555,29,114613,636,21022,36,25.22,employed,0,1
556,43,140900,522,44463,24,30.33,self-employed,0,1
557,33,109399,659,10135,48,32.47,employed,0,1
558,68,41792,628,6722,36,26.54,employed,0,1
559,54,79129,762,28413,36,13.51,self-employed,0,0
560,39,126019,681,28236,48,14.79,employed,0,0
561,74,94478,468,16514,12,5.62,unemployed,1,1
562,46,133811,516,44896,24,27.83,employed,0,1
563,31,134130,677,38212,24,6.28,employed,1,1
564,45,87298,418,41386,12,30.94,employed,0,1
565,22,51987,489,21331,48,8.56,employed,0,1
566,64,35850,669,19060,24,10.16,self-employed,0,0
567,66,32112,448,2196,48,19.3,employed,0,1
568,47,141789,787,13297,48,27.14,employed,0,1
569,63,44058,673,3787,36,9.17,employed,1,1
570,69,65420,459,24816,12,18.2,employed,1,1
571,22,58890,650,41695,48,19.49,employed,1,1
572,29,86017,587,20702,60,11.37,unemployed,0,1
573,33,67304,587,26242,12,8.47,employed,1,1
574,43,52921,525,3176,24,30.09,self-employed,0,1
575,43,125921,822,21127,36,20.07,unemployed,0,0
576,65,21524,821,42560,24,5.43,employed,0,0
577,38,120424,572,28228,24,29.09,self-employed,0,1
578,56,35048,701,21208,12,34.42,self-employed,0,1
579,53,55111,482,29482,24,23.18,employed,0,1
580,50,57904,787,10171,48,20.11,employed,1,1
581,47,74912,423,36219,24,31.35,employed,0,1
582,54,54008,713,34396,36,33.58,unemployed,0,1
583,40,20060,471,43589,36,27.64,unemployed,1,1
584,27,94666,587,41546,60,18.36,self-employed,0,1
585,71,103559,734,4696,36,22.77,employed,1,1
586,22,75337,412,21058,24,26.03,employed,0,1
587,53,130616,421,21313,36,10.83,employed,0,1
588,51,33350,843,20149,12,18.42,employed,0,0
589,69,44354,521,46740,36,29.89,employed,0,1
590,48,65186,338,42075,48,24.64,unemployed,0,1
591,27,48145,796,5956,12,17.34,unemployed,0,0
592,36,54020,532,11195,60,24.9,self-employed,0,1
593,49,106123,829,18076,48,8.55,employed,1,1
594,18,126667,448,2105,24,17.04,employed,0,1
595,73,95186,696,16417,24,28.79,employed,0,1
596,22,105469,601,25729,24,11.62,self-employed,0,0
597,62,40581,659,47956,48,10.58,self-employed,0,0
598,21,108929,537,31099,48,33.52,employed,0,1
599,33,43051,535,33598,48,11.3,employed,1,1
600,41,71474,502,30961,12,12.83,employed,0,1
601,33,111748,555,13602,12,34.09,employed,0,1
602,72,145995,534,10256,24,27.04,employed,0,1
603,19,134618,644,21584,36,25.99,employed,0,1
604,66,89626,833,47980,24,30.59,employed,1,1
605,45,26960,765,35681,60,8.47,unemployed,0,0
606,49,55772,840,26792,12,26.18,employed,0,1
607,44,41520,512,22904,48,20.11,employed,0,1
608,37,69481,762,44361,12,29.87,employed,0,1
609,41,56408,735,35540,48,20.24,employed,0,0
610,29,114006,582,27536,60,23.61,employed,0,1
611,67,148496,762,20164,60,19.33,employed,1,1
612,52,77134,706,13996,12,19.34,employed,1,1
613,50,40491,387,3871,48,28.04,employed,0,1
614,50,21341,343,47002,60,23.86,self-employed,0,1
615,68,64623,760,23626,24,24.0,employed,0,0
616,60,110327,577,11521,24,18.51,self-employed,1,1
617,54,20338,720,44410,48,20.93,employed,1,1
618,29,91431,652,2132,12,27.37,employed,1,1
619,20,32254,814,34467,60,29.78,employed,0,1
620,18,71860,318,15534,12,25.9,employed,0,1
621,50,31344,322,24854,24,32.72,unemployed,1,1
622,57,21750,712,43998,60,29.61,self-employed,0,1
623,27,74756,329,40065,12,21.86,unemployed,0,1
624,60,87957,407,46607,36,25.14,unemployed,0,1
625,61,125423,666,8812,48,32.79,employed,0,1
626,46,78053,580,5557,48,23.58,employed,0,1
627,30,90855,427,3179,36,29.74,employed,0,1
628,29,35896,528,44798,24,25.66,unemployed,0,1
629,48,75761,410,10065,60,21.56,self-employed,1,1
630,63,82552,435,9275,48,12.26,employed,0,1
631,19,140075,661,48857,36,17.78,self-employed,0,0
632,68,97454,485,36948,36,34.03,employed,0,1
633,67,146522,428,21700,24,24.73,employed,0,1
634,52,138681,560,40464,24,21.93,employed,0,1
635,40,110600,814,43351,12,32.99,self-employed,0,1
636,34,142732,748,28794,48,22.6,unemployed,0,0
637,43,132153,403,29783,12,20.78,employed,0,1
638,25,142926,782,17998,36,27.78,employed,1,1
639,46,47935,523,14869,60,26.38,employed,0,1
640,43,57641,790,45525,60,10.79,self-employed,0,0
641,27,49711,772,29152,24,19.14,employed,0,0
642,43,90342,309,21954,60,19.18,employed,1,1
643,51,126896,704,32555,60,16.35,employed,0,0
644,68,32182,601,17654,60,20.52,employed,1,1
645,58,107833,530,46026,36,17.39,employed,1,1
646,24,76276,365,36236,60,10.98,self-employed,1,1
647,21,39541,411,47976,60,17.37,employed,1,1
648,70,114457,312,16042,60,7.17,self-employed,0,1
649,67,102310,692,26966,12,22.27,employed,0,0
650,62,64813,799,49407,36,30.61,employed,1,1
651,28,57198,533,45314,24,26.76,employed,0,1
652,46,28820,613,46095,12,15.81,self-employed,0,0
653,73,44070,311,15270,48,7.61,unemployed,0,1
654,53,89768,508,31908,36,11.06,unemployed,0,1
655,42,31122,313,16523,36,21.36,employed,1,1
656,38,100559,717,48068,48,11.21,employed,0,0
657,74,93543,736,20991,48,21.32,self-employed,0,0
658,53,103441,676,11775,48,11.95,self-employed,1,1
659,27,61786,319,13265,24,30.47,employed,1,1
660,54,114934,369,20459,60,16.92,self-employed,0,1
661,26,119804,510,17673,36,12.37,employed,0,1
662,41,26737,400,28056,60,29.37,employed,0,1
663,52,56062,431,7614,60,15.29,employed,0,1
664,66,74237,680,37020,48,8.34,employed,0,0
665,52,71571,431,8415,24,22.11,employed,0,1
666,65,45510,319,24155,12,22.45,employed,0,1
667,53,39426,835,44884,24,26.44,employed,0,1
668,35,57265,526,17964,60,12.21,employed,0,1
669,66,37850,453,38726,24,18.31,employed,0,1
670,56,138249,768,38044,48,13.47,self-employed,0,0
671,49,86150,704,38544,12,7.43,employed,0,0
672,41,107312,501,33252,48,31.3,employed,0,1
673,40,109613,337,4832,12,26.87,employed,0,1
674,49,94910,487,26275,60,14.04,unemployed,0,1
675,54,72375,356,15901,12,22.98,employed,1,1
676,29,141826,319,39213,12,11.04,employed,0,1
677,66,55435,572,35148,12,31.71,employed,0,1
678,72,116443,418,43633,24,8.45,self-employed,0,1
679,30,77132,815,23918,24,5.12,employed,1,1
680,40,98945,520,47694,60,20.06,employed,0,1
681,42,102050,825,20540,12,22.49,employed,0,0
682,52,149828,814,12580,36,22.37,employed,0,0
683,58,115402,635,39402,60,6.64,self-employed,0,0
684,47,22983,354,39578,12,14.42,unemployed,1,1
685,34,117241,799,25917,12,19.98,employed,0,0
686,66,40662,835,23318,24,11.5,self-employed,0,0
687,37,43510,461,11179,60,31.18,employed,0,1
688,65,98187,458,13251,12,7.61,employed,0,1
689,42,60998,487,46899,12,19.62,self-employed,0,1
690,39,76846,359,20493,60,25.74,employed,0,1
691,30,114071,618,21466,36,12.85,unemployed,0,0
692,36,26640,510,31206,60,23.73,employed,0,1
693,66,64547,705,46475,60,29.88,employed,0,1
694,53,74620,408,20624,36,10.71,employed,1,1
695,29,35317,375,27564,60,32.52,employed,0,1
696,58,135608,841,23412,12,21.61,self-employed,1,1
697,36,27564,613,28990,60,13.98,employed,0,0
698,29,47345,416,36517,36,17.93,self-employed,1,1
699,26,133824,318,14156,48,14.37,employed,0,1
700,24,114223,731,24064,60,26.75,employed,0,1
701,45,143372,649,26711,24,28.89,unemployed,1,1
702,31,99273,482,31106,12,29.99,self-employed,0,1
703,48,94859,412,17589,12,34.57,employed,0,1
704,69,100765,482,24736,24,28.74,self-employed,0,1
705,36,130017,780,21975,24,23.04,employed,0,0
706,64,94038,445,37218,60,15.18,employed,0,1
707,33,143618,412,8214,24,21.34,employed,0,1
708,70,72393,775,31581,48,6.23,unemployed,0,0
709,22,86081,602,21195,36,27.34,employed,0,1
710,52,145341,417,45582,24,18.38,self-employed,0,1
711,29,122650,460,28127,24,5.6,employed,0,1
712,42,49430,700,6141,48,6.88,self-employed,0,0
713,69,95532,497,29884,12,16.62,employed,1,1
714,38,47788,559,25885,12,22.5,self-employed,0,1
715,53,115505,346,3708,60,18.93,employed,0,1
716,70,68543,698,19375,48,23.58,self-employed,0,0
717,40,33919,377,16088,36,19.41,unemployed,0,1
718,33,89346,423,45602,36,24.85,self-employed,0,1
719,74,116122,374,46046,48,11.57,employed,0,1
720,56,59974,436,11014,36,8.39,unemployed,0,1
721,62,127309,699,4273,12,22.89,employed,0,0
722,70,36371,804,48135,36,19.54,self-employed,0,0
723,59,65084,799,38306,36,5.81,unemployed,0,0
724,56,49629,437,31881,48,16.41,employed,0,1
725,31,71184,349,32486,48,8.18,employed,0,1
726,48,81916,553,13541,36,20.94,employed,1,1
727,22,147293,725,9712,24,16.87,employed,0,0
728,52,93972,846,10168,48,23.39,employed,0,0
729,40,82187,601,4551,60,29.17,employed,0,1
730,46,32984,648,13297,60,13.99,employed,0,0
731,60,53039,348,44733,12,33.86,employed,0,1
732,28,105431,373,28128,36,21.07,employed,0,1
733,35,103691,560,3832,24,23.55,employed,0,1
734,64,78606,655,29483,12,25.42,unemployed,0,1
735,29,30616,559,23063,36,25.0,employed,0,1
736,26,122665,594,23963,48,20.33,unemployed,0,1
737,27,125373,612,14422,60,17.86,employed,0,0
738,61,70072,481,33920,24,6.61,employed,0,1
739,34,44574,663,12156,60,5.66,self-employed,0,0
740,55,23430,487,12108,48,15.74,employed,0,1
741,24,139123,842,32845,36,15.01,employed,0,0
742,63,32676,847,3800,48,16.63,employed,1,1
743,30,30816,707,39078,48,9.15,employed,0,0
744,57,52733,713,43712,60,27.15,employed,0,1
745,59,105680,641,3610,24,30.71,employed,0,1
746,26,22050,519,13067,48,33.16,employed,1,1
747,67,129996,462,34872,60,19.77,employed,0,1
748,44,53933,519,11728,24,26.03,employed,0,1
749,19,44951,569,30566,36,30.67,employed,0,1
750,22,52413,699,30783,36,17.55,employed,0,0
751,46,54801,481,21583,12,14.28,employed,0,1
752,54,75619,504,21238,60,33.1,unemployed,0,1
753,55,52913,527,8263,24,20.47,employed,0,1
754,36,132573,549,2914,48,19.92,employed,0,1
755,25,139076,740,24749,36,10.35,employed,1,1
756,65,60600,832,20456,24,8.24,unemployed,0,0
757,62,77775,495,26582,60,30.26,employed,0,1
758,18,110816,818,1406,12,23.42,unemployed,0,0
759,39,149972,369,14689,36,14.77,employed,0,1
760,69,110093,698,33934,24,10.75,employed,0,0
761,34,132590,502,34276,24,21.66,unemployed,0,1
762,24,55400,447,37432,24,22.52,employed,0,1
763,42,24494,771,20873,60,11.21,employed,0,0
764,62,100688,498,14050,60,30.54,self-employed,0,1
765,21,142744,725,1680,60,7.53,unemployed,0,0
766,53,109431,791,19908,48,15.68,employed,0,0
767,23,94691,441,19504,24,25.41,employed,0,1
768,48,117419,612,22644,36,13.22,self-employed,0,0
769,36,128730,464,38125,60,29.83,self-employed,0,1
770,61,63001,613,2363,60,27.2,unemployed,0,1
771,71,87364,320,43291,24,28.67,self-employed,0,1
772,56,144988,381,36060,60,8.57,employed,0,1
773,44,65028,430,2538,48,9.22,unemployed,0,1
774,27,127434,604,37176,48,13.59,employed,0,0
775,43,117659,670,42520,60,20.54,employed,1,1
776,36,57573,683,26675,24,27.44,employed,0,1
777,56,20806,744,19287,24,30.1,employed,0,1
778,20,144343,724,1174,24,26.13,employed,0,1
779,62,76638,460,27732,12,32.86,self-employed,0,1
780,30,148301,477,35998,60,27.16,employed,0,1
781,67,146295,789,38055,24,14.19,employed,0,0
782,45,126506,626,13112,48,12.95,self-employed,0,0
783,37,49757,588,40874,36,25.89,employed,0,1
784,45,54636,653,10689,36,10.79,employed,0,0
785,25,100097,327,45814,24,7.78,employed,0,1
786,58,68280,342,20555,36,20.97,unemployed,0,1
787,56,44262,722,34919,36,29.65,employed,0,1
788,18,100435,476,8619,12,8.04,employed,1,1
789,20,82211,828,7033,48,28.76,employed,0,1
790,30,74842,793,42328,48,29.35,employed,0,1
791,45,148583,497,5946,12,19.47,employed,0,1
792,74,76979,816,25618,12,6.72,employed,0,0
793,66,134524,813,35675,36,10.24,employed,1,1
794,42,101470,321,37258,60,26.22,unemployed,1,1
795,73,58197,411,19919,36,26.35,employed,0,1
796,50,61844,356,5173,12,31.95,employed,1,1
797,55,84754,365,44833,48,22.48,employed,0,1
798,70,121868,397,27400,36,8.72,employed,0,1
799,23,54157,443,5769,60,8.64,self-employed,1,1
800,61,97129,734,38564,36,26.63,employed,0,1
801,62,60042,385,46814,24,10.51,employed,0,1
802,49,81665,643,15211,36,14.85,self-employed,0,0
803,62,135512,593,24255,12,19.62,employed,1,1
804,64,136953,542,28962,48,5.74,employed,0,1
805,38,102856,331,20356,48,12.46,employed,1,1
806,33,47376,690,21306,12,17.24,employed,0,0
807,71,129049,576,5997,24,13.39,employed,0,1
808,38,75554,831,18376,12,9.09,employed,1,1
809,28,34199,453,41880,36,26.84,employed,0,1
810,54,138533,682,39055,12,29.39,unemployed,1,1
811,53,101412,367,11578,12,12.72,employed,0,1
812,52,70948,513,19624,24,28.23,employed,0,1
813,36,93781,675,40194,36,16.57,employed,0,0
814,37,92750,512,45367,60,20.2,employed,0,1
815,74,86262,378,1389,60,30.68,employed,0,1
816,35,137424,680,34767,48,27.5,unemployed,1,1
817,64,66600,357,46580,12,29.15,self-employed,1,1
818,58,96898,325,49367,48,9.11,unemployed,0,1
819,66,82483,746,2855,24,7.09,unemployed,1,1
820,31,38297,365,41893,60,31.8,employed,1,1
821,32,50448,553,14794,12,16.64,employed,0,1
822,48,46172,343,36531,24,13.64,employed,0,1
823,18,62874,396,5986,24,26.74,employed,1,1
824,70,27657,526,33298,12,30.09,unemployed,0,1
825,71,104386,735,2481,24,30.87,employed,1,1
826,71,145617,678,4731,12,14.48,unemployed,1,1
827,20,45425,477,17835,12,30.57,employed,1,1
828,33,46685,726,28798,36,6.23,unemployed,0,0
829,40,142000,606,27113,48,6.49,unemployed,0,0
830,74,132855,803,20477,24,23.71,self-employed,0,0
831,28,44578,567,18266,24,6.89,self-employed,0,1
832,29,48831,307,21792,36,14.74,employed,0,1
833,27,27906,807,21452,36,25.18,self-employed,0,1
834,49,81413,775,44526,36,15.12,unemployed,0,0
835,33,74028,596,42334,60,10.39,self-employed,1,1
836,25,27287,463,12889,60,13.44,employed,0,1
837,55,53660,784,25335,60,18.73,employed,0,0
838,29,95758,371,12254,12,19.26,self-employed,0,1
839,41,80504,537,22074,24,28.49,employed,0,1
840,45,79720,403,12442,48,27.5,self-employed,0,1
841,70,122979,509,47289,12,18.7,employed,0,1
842,25,54701,767,38327,24,30.37,employed,0,1
843,45,103300,753,17199,24,8.43,employed,0,0
844,53,130177,567,8291,36,12.66,employed,0,1
845,43,37674,685,41928,36,29.84,employed,1,1
846,25,103560,686,1112,12,16.34,employed,1,1
847,67,131543,558,22515,36,34.44,employed,1,1
848,45,43874,582,20581,24,18.99,employed,1,1
849,45,63642,339,49692,36,28.76,employed,1,1
850,54,143867,785,27500,60,17.07,self-employed,1,1
851,58,117820,519,33026,36,17.75,unemployed,0,1
852,53,85160,428,17523,24,16.49,self-employed,0,1
853,44,37602,819,2424,12,26.57,unemployed,0,1
854,71,123320,559,20552,48,21.43,self-employed,0,1
855,34,108801,665,11808,36,33.31,employed,0,1
856,26,45931,843,39811,24,12.53,self-employed,0,0
857,50,114377,823,7989,48,8.02,self-employed,1,1
858,70,49192,315,24620,48,16.8,employed,1,1
859,37,66542,428,40029,60,23.5,employed,0,1
860,30,147015,408,1887,48,30.82,self-employed,0,1
861,45,62520,832,32802,24,15.39,employed,1,1
862,65,84772,568,20488,24,24.61,employed,0,1
863,46,78762,461,31013,36,15.51,employed,0,1
864,30,70106,559,17402,36,23.52,employed,0,1
865,63,101121,401,22205,36,31.54,employed,0,1
866,52,45559,805,27049,48,11.94,employed,0,0
867,23,125595,546,13253,48,17.13,employed,1,1
868,35,53742,836,19990,60,34.8,employed,0,1
869,68,89669,430,8846,36,31.06,self-employed,0,1
870,22,100199,652,26027,12,21.94,unemployed,0,0
871,64,41754,495,40200,60,20.5,employed,0,1
872,42,23972,681,47220,12,13.54,self-employed,1,1
873,19,90831,526,47163,48,20.52,employed,0,1
874,27,132217,775,4765,60,30.45,employed,0,1
875,73,61873,776,16950,60,25.56,employed,0,1
876,47,114661,564,46270,24,13.7,employed,0,1
877,67,126532,671,10741,48,11.04,employed,0,0
878,62,146267,785,23742,48,12.96,employed,0,0
879,22,29903,733,25703,60,10.09,self-employed,0,0
880,72,23020,510,39709,48,7.87,self-employed,0,1
881,73,61755,676,38623,60,17.57,employed,0,0
882,50,105956,694,23931,24,8.4,employed,1,1
883,71,106988,749,24580,60,10.16,employed,1,1
884,18,65648,663,16166,48,21.42,employed,0,0
885,35,123537,756,30240,48,9.94,self-employed,0,0
886,49,145991,525,26991,60,6.92,employed,0,1
887,64,29516,430,39556,60,14.52,self-employed,1,1
888,66,132863,775,33969,60,11.61,unemployed,0,0
889,28,135005,576,11561,36,20.46,employed,0,1
890,38,22396,455,17901,48,8.07,unemployed,0,1
891,43,104082,517,41505,48,27.55,employed,1,1
892,42,39129,489,31020,36,32.19,employed,0,1
893,39,148322,716,26917,60,27.3,employed,0,1
894,44,21591,845,2988,24,20.98,employed,0,0
895,66,31303,340,49209,60,30.82,employed,0,1
896,30,50561,606,45505,60,25.85,employed,0,1
897,50,91719,637,15256,36,5.32,self-employed,1,1
898,51,138618,613,23192,48,16.82,unemployed,1,1
899,58,112108,374,29230,60,30.53,self-employed,0,1
900,52,148748,578,40930,48,15.38,employed,1,1
901,18,119616,475,46833,12,6.06,self-employed,0,1
902,38,144165,572,23625,48,27.39,employed,0,1
903,65,106231,588,33088,24,29.06,self-employed,0,1
904,72,27314,571,15114,24,9.82,self-employed,1,1
905,23,137071,365,42167,60,21.12,unemployed,0,1
906,45,39623,782,39401,48,10.76,employed,0,0
907,34,87675,547,6755,60,26.58,self-employed,1,1
908,22,132992,455,11825,36,13.15,employed,0,1
909,48,116826,346,23693,24,14.49,unemployed,0,1
910,22,85082,753,5117,60,30.35,employed,0,1
911,55,149839,500,25729,36,19.29,employed,0,1
912,20,103624,423,33182,60,25.09,employed,1,1
913,70,125228,300,29890,48,17.07,self-employed,0,1
914,40,53130,490,30340,48,13.94,employed,0,1
915,54,71756,815,2518,48,23.76,employed,0,0
916,70,117624,741,31949,48,9.65,unemployed,0,0
917,54,46292,442,23547,12,16.19,unemployed,0,1
918,27,131785,490,17346,36,11.27,employed,0,1
919,27,147331,832,3600,36,25.87,employed,1,1
920,36,106206,526,47005,48,33.33,self-employed,0,1
921,34,89274,612,30267,12,34.87,unemployed,0,1
922,38,22469,601,37322,48,18.51,employed,0,0
923,31,73947,759,27990,12,12.58,employed,0,0
924,26,42534,700,17193,48,18.28,employed,0,0
925,63,83620,692,31109,24,30.42,self-employed,0,1
926,18,68874,506,20233,24,11.18,employed,1,1
927,68,69708,509,49021,60,33.56,employed,0,1
928,62,94553,414,17194,48,15.26,employed,0,1
929,30,88344,550,35510,36,34.57,unemployed,0,1
930,21,69138,518,2306,60,30.16,employed,1,1
931,18,74302,706,4849,24,29.26,employed,0,1
932,66,67638,742,13360,48,14.54,employed,0,0
933,57,98249,653,46536,60,5.26,self-employed,0,0
934,49,125865,849,30231,48,16.46,employed,0,0
935,51,22719,441,46800,24,14.05,self-employed,0,1
936,45,42890,800,37963,60,6.12,employed,1,1
937,48,97236,846,19689,24,20.16,unemployed,0,0
938,25,56509,841,30084,12,17.09,employed,0,0
939,56,62534,806,41387,24,24.04,employed,0,0
940,43,122302,580,10280,48,23.64,employed,0,1
941,51,112241,723,3642,36,8.62,self-employed,0,0
942,71,38787,569,43137,24,34.31,employed,0,1
943,71,146209,453,15296,36,10.61,unemployed,0,1
944,20,68845,382,16438,12,18.36,self-employed,0,1
945,67,77932,725,49442,60,19.64,employed,0,0
946,29,112124,574,38525,60,29.39,unemployed,0,1
947,18,111659,583,3994,36,7.98,employed,1,1
948,71,53062,472,48994,60,17.86,self-employed,0,1
949,61,95713,626,35039,24,23.86,employed,0,0
950,22,107263,362,2813,36,11.45,employed,1,1
951,47,115756,372,28491,48,23.82,self-employed,0,1
952,47,80461,674,19845,24,32.71,employed,1,1
953,74,95418,807,42243,24,34.93,employed,1,1
954,34,86672,697,38164,24,5.97,employed,1,1
955,65,148232,419,43051,48,12.07,employed,1,1
956,64,54832,736,14318,12,14.31,self-employed,0,0
957,40,147335,764,18200,60,16.97,employed,0,0
958,32,51966,585,1082,36,12.27,unemployed,0,1
959,54,92545,564,2920,12,11.1,employed,0,1
960,38,32987,619,41585,36,33.64,employed,0,1
961,31,57311,675,12683,60,32.56,self-employed,0,1
962,19,51575,388,12336,48,6.41,employed,0,1
963,28,83852,502,16596,24,15.16,unemployed,1,1
964,68,147650,633,3093,24,17.15,self-employed,1,1
965,56,21007,521,13905,48,12.17,employed,1,1
966,55,90981,340,25351,12,23.87,employed,0,1
967,51,96242,367,31981,12,24.21,employed,1,1
968,55,67517,813,9367,36,30.52,employed,1,1
969,67,130022,426,6285,48,27.23,self-employed,0,1
970,51,49257,554,44664,12,21.28,employed,0,1
971,35,107272,315,38705,48,24.61,employed,1,1
972,47,62207,776,17753,60,13.22,employed,1,1
973,32,33281,361,19485,24,22.79,employed,0,1
974,44,81246,731,13977,24,19.68,employed,0,0
975,68,21435,567,20874,24,9.0,unemployed,0,1
976,51,118875,334,8674,48,12.28,self-employed,0,1
977,69,120686,793,30038,48,13.75,self-employed,1,1
978,74,111357,768,30315,36,32.73,self-employed,1,1
979,55,46660,624,4676,24,11.91,employed,0,0
980,50,25084,603,3426,36,13.68,unemployed,0,0
981,41,102197,575,25473,24,16.08,employed,0,1
982,32,33507,500,3962,36,24.91,employed,0,1
983,47,92595,744,30943,36,8.55,employed,0,0
984,72,103807,623,1859,60,33.62,employed,0,1
985,59,65539,334,45816,36,30.97,self-employed,0,1
986,68,135953,781,5138,48,22.32,employed,0,0
987,34,27491,779,36192,36,25.22,self-employed,0,1
988,22,147706,364,26640,24,5.5,employed,0,1
989,46,132831,307,11409,36,15.17,employed,0,1
990,21,70192,600,5017,12,28.87,self-employed,0,1
991,27,100395,642,11451,24,7.32,employed,0,0
992,73,143797,730,29327,12,13.47,employed,1,1
993,34,83888,723,11278,24,22.56,employed,1,1
994,27,93609,631,25944,48,12.69,employed,1,1
995,34,29077,737,44764,48,33.02,self-employed,1,1
996,37,137440,473,2134,48,8.93,employed,0,1
997,41,142901,826,31131,12,28.92,unemployed,0,1
998,22,40953,325,38887,60,20.24,unemployed,0,1
999,51,96919,705,39462,24,27.51,self-employed,1,1
1000,23,134682,531,23520,48,14.32,self-employed,1,1
1001,70,141041,832,22869,24,20.43,employed,0,0
1002,19,87889,849,37932,12,30.71,self-employed,0,1
1003,30,43821,804,6039,60,19.01,employed,0,0
1004,60,57567,478,22281,12,15.79,employed,0,1
1005,60,135374,431,48399,24,21.08,unemployed,0,1
1006,65,44860,754,11442,60,26.52,employed,0,1
1007,28,41195,647,9252,60,18.31,employed,0,0
1008,68,97475,839,28586,12,33.17,employed,0,1
1009,64,110874,705,18568,48,13.85,employed,0,0
1010,74,107266,375,21810,24,19.26,employed,0,1
1011,40,41427,791,2551,36,27.71,employed,1,1
1012,72,120732,493,13625,36,25.67,employed,0,1
1013,33,47083,461,35397,12,30.91,employed,1,1
1014,48,107046,646,27249,24,34.9,employed,1,1
1015,28,77372,660,2361,24,17.81,employed,0,0
1016,71,143786,386,27149,12,8.33,self-employed,0,1
1017,33,64064,561,5370,24,5.91,employed,0,1
1018,25,27813,513,6283,48,26.81,self-employed,0,1
1019,21,51598,561,8610,12,31.22,unemployed,1,1
1020,57,132718,582,44326,48,11.62,self-employed,0,1
1021,21,146879,766,15924,24,9.75,unemployed,1,1
1022,73,113106,679,48607,12,6.87,unemployed,0,0
1023,42,47082,661,45717,24,29.68,employed,0,1
1024,20,49241,748,11626,12,14.34,self-employed,0,0
1025,49,116214,740,35761,24,17.05,unemployed,0,0
1026,20,64569,392,1869,48,20.08,employed,0,1
1027,44,31745,723,32552,48,30.18,employed,1,1
1028,46,46029,441,2014,24,24.52,unemployed,0,1
1029,49,33025,590,11103,12,23.45,self-employed,0,1
1030,67,121660,731,17986,36,10.27,employed,0,0
1031,68,143395,348,45781,48,20.4,employed,0,1
1032,36,34288,601,31471,48,26.46,self-employed,1,1
1033,38,109186,489,34458,36,34.2,employed,1,1
1034,22,26540,435,26069,24,11.04,employed,0,1
1035,35,117768,703,17873,12,5.29,self-employed,1,1
1036,45,101958,640,24248,24,7.26,employed,0,0
1037,59,88878,617,24624,60,16.28,employed,0,0
1038,39,61846,662,44516,48,29.62,self-employed,0,1
1039,38,121148,681,30061,60,5.21,self-employed,1,1
1040,23,95932,532,25170,48,18.7,employed,0,1
1041,18,37482,643,9024,48,14.88,employed,0,0
1042,22,43411,848,17678,60,6.57,employed,0,0
1043,58,70975,828,39256,60,18.51,unemployed,0,0
1044,29,80545,482,21411,24,12.64,employed,0,1
1045,43,132302,340,44803,60,15.56,employed,0,1
1046,63,98797,696,20296,24,26.17,employed,0,1
1047,51,72307,793,27293,24,20.65,self-employed,0,0
1048,66,23093,632,28172,24,8.74,employed,0,0
1049,31,97258,426,22128,48,33.84,employed,0,1
1050,43,42042,300,19257,48,24.08,employed,0,1
1051,62,72930,467,13855,60,27.98,self-employed,0,1
1052,44,137584,318,20642,48,7.38,employed,1,1
1053,26,64413,631,36585,60,6.41,employed,0,0
1054,43,133387,755,21025,48,5.58,employed,0,0
1055,74,113623,408,5458,12,10.66,unemployed,0,1
1056,64,117883,567,6307,12,17.43,employed,1,1
1057,74,53756,744,42701,60,33.07,employed,1,1
1058,39,73268,539,19425,48,18.71,employed,0,1
1059,64,59214,600,44427,48,13.71,unemployed,0,0
1060,73,101871,402,29273,24,21.86,employed,0,1
1061,47,147844,549,39506,36,8.36,unemployed,0,1
1062,60,48602,752,6668,60,23.29,self-employed,0,0
1063,65,73331,819,26934,36,22.05,employed,0,0
1064,34,68901,452,48195,36,28.76,self-employed,0,1
1065,43,119986,473,8697,60,34.6,employed,0,1
1066,53,83416,642,25417,48,12.53,employed,0,0
1067,18,52196,730,17446,60,20.29,employed,0,0
1068,25,148386,623,41597,36,32.27,employed,0,1
1069,66,25626,719,11751,48,28.56,unemployed,0,1
1070,52,27424,784,47218,12,19.62,employed,0,0
1071,69,32857,711,8352,60,33.36,unemployed,0,1
1072,32,130459,383,14516,60,6.72,employed,0,1
1073,64,135621,412,24299,48,32.93,employed,0,1
1074,73,39982,631,32957,12,6.52,unemployed,0,0
1075,39,96961,677,29927,12,21.42,employed,0,0
1076,31,21980,340,42094,48,31.71,self-employed,0,1
1077,43,68290,404,37412,24,12.88,employed,0,1
1078,45,46431,501,30493,60,19.17,employed,0,1
1079,40,104976,749,27711,60,14.73,self-employed,0,0
1080,31,127288,565,9003,36,33.56,employed,0,1
1081,41,102711,509,32707,48,29.71,employed,0,1
1082,19,134187,417,4278,36,26.27,unemployed,0,1
1083,62,46385,676,8296,36,22.63,self-employed,0,0
1084,43,58158,839,26398,12,29.62,unemployed,1,1
1085,31,43019,383,36842,60,16.77,self-employed,0,1
1086,73,38639,753,14261,36,18.43,self-employed,0,0
1087,68,105530,813,12173,12,26.9,employed,0,1
1088,24,119911,686,31449,48,15.73,employed,0,0
1089,20,41563,649,42080,36,6.92,unemployed,1,1
1090,64,59341,595,2637,60,7.23,employed,0,1
1091,40,135672,557,32781,36,8.46,employed,1,1
1092,63,25776,380,14652,48,31.09,employed,0,1
1093,60,56444,567,6103,36,19.17,employed,0,1
1094,64,88916,718,26500,60,26.39,unemployed,1,1
1095,62,28711,534,35800,12,16.79,unemployed,0,1
1096,35,94318,610,36529,60,12.76,employed,0,0
1097,55,102970,656,48963,12,15.42,employed,0,0
1098,52,132301,512,19452,24,28.83,self-employed,0,1
1099,68,105553,348,32174,60,23.76,employed,0,1
1100,32,50707,426,36436,60,33.13,unemployed,0,1
1101,42,59110,522,48406,48,25.39,employed,0,1
1102,72,149410,578,16954,36,22.11,employed,1,1
1103,54,81788,707,18186,12,23.31,employed,1,1
1104,45,102879,804,13356,12,33.27,unemployed,0,1
1105,27,58827,593,33963,48,28.65,self-employed,0,1
1106,56,127188,576,3187,48,5.72,self-employed,0,1
1107,74,25655,737,12707,36,21.02,employed,0,0
1108,34,64859,406,36098,36,25.65,self-employed,1,1
1109,56,73625,719,27935,60,27.46,self-employed,0,1
1110,39,72098,728,22225,24,11.39,employed,0,0
1111,43,35251,674,4606,36,31.02,employed,1,1
1112,61,142413,372,33828,48,33.68,employed,1,1
1113,42,20526,329,27489,36,12.1,employed,0,1
1114,34,88760,487,15387,12,31.48,employed,0,1
1115,30,67837,663,4927,24,7.91,employed,0,0
1116,37,145133,750,7296,60,6.67,employed,1,1
1117,42,149478,494,31444,12,8.88,employed,0,1
1118,21,31536,455,47390,12,6.73,employed,0,1
1119,27,48541,471,47893,24,30.35,unemployed,0,1
1120,20,99083,340,3591,60,6.77,employed,0,1
1121,58,71027,362,45895,48,13.15,employed,0,1
1122,62,54531,322,49516,60,8.11,employed,1,1
1123,35,28712,659,27147,36,13.86,self-employed,1,1
1124,64,124101,374,39889,12,7.72,employed,1,1
1125,53,85455,417,2200,36,25.04,self-employed,0,1
1126,64,94744,679,16721,48,9.0,employed,0,0
1127,39,141787,589,20238,36,30.56,self-employed,1,1
1128,51,149749,739,12087,60,29.52,employed,0,1
1129,64,25109,306,31816,36,5.41,self-employed,0,1
1130,25,141332,495,24408,48,31.87,employed,0,1
1131,57,69268,720,40740,48,5.87,employed,1,1
1132,66,120737,492,1136,48,12.19,employed,0,1
1133,61,74615,447,18413,60,5.97,employed,1,1
1134,36,102503,501,49114,48,15.08,unemployed,0,1
1135,59,143274,743,19978,12,20.42,self-employed,0,0
1136,58,49759,718,1661,48,28.9,employed,0,1
1137,54,105708,726,36240,36,15.14,employed,0,0
1138,23,80112,778,28253,36,26.16,unemployed,0,1
1139,69,122471,774,27884,36,10.63,employed,1,1
1140,43,146740,425,33854,60,27.52,self-employed,0,1
1141,51,143153,694,11704,36,12.08,unemployed,0,0
1142,73,46589,624,39987,60,9.31,unemployed,0,0
1143,62,50015,691,25527,60,10.56,employed,0,0
1144,23,49009,739,17322,48,10.46,employed,0,0
1145,54,103309,503,48517,12,20.39,employed,0,1
1146,74,146446,785,7968,48,30.34,self-employed,1,1
1147,50,82046,330,28518,48,7.39,employed,0,1
1148,70,126661,687,47364,60,26.21,employed,0,1
1149,39,46143,733,28886,60,24.63,employed,0,0
1150,38,26154,675,2700,36,31.18,employed,0,1
1151,23,41804,643,29246,36,12.32,self-employed,1,1
1152,23,61688,742,36468,48,18.5,employed,0,0
1153,72,84288,374,24199,24,32.77,employed,1,1
1154,65,71195,454,45589,24,24.8,employed,0,1
1155,21,40581,729,33115,36,16.66,unemployed,0,0
1156,47,72648,662,6520,24,8.94,employed,1,1
1157,28,50087,747,45278,36,12.87,self-employed,0,0
1158,47,69930,533,37455,60,22.44,unemployed,0,1
1159,48,52981,561,21929,48,26.55,employed,0,1
1160,41,89298,424,42605,12,8.73,employed,1,1
1161,72,66167,544,15955,48,22.99,unemployed,0,1
1162,26,95304,841,45049,36,21.51,employed,0,0
1163,72,63408,784,14917,36,20.42,employed,0,0
1164,20,59499,421,5757,48,25.7,employed,0,1
1165,68,145816,424,14045,36,30.12,employed,1,1
1166,48,72269,848,42680,24,14.69,self-employed,0,0
1167,57,58559,469,5733,24,31.67,unemployed,0,1
1168,54,134126,423,31954,36,9.82,self-employed,1,1
1169,53,94319,334,32135,36,10.19,employed,0,1
1170,41,131925,386,8081,24,13.0,employed,0,1
1171,48,115317,500,42458,36,8.59,employed,0,1
1172,23,116347,668,24501,36,11.91,employed,0,0
1173,19,68787,376,22113,48,8.19,self-employed,0,1
1174,37,55488,358,35441,12,29.65,employed,0,1
1175,45,94441,730,48086,24,9.17,self-employed,0,0
1176,28,94663,799,25690,48,27.42,employed,0,1
1177,21,42431,408,44939,12,6.44,employed,0,1
1178,32,81681,577,30345,36,33.46,employed,0,1
1179,23,83483,367,47313,36,26.33,employed,0,1
1180,71,142720,368,45571,48,5.2,employed,1,1
1181,66,69153,464,27829,36,27.92,self-employed,0,1
1182,47,26368,788,36062,60,20.42,self-employed,0,0
1183,73,47424,604,4630,48,28.38,self-employed,0,1
1184,55,132360,664,48861,12,20.67,unemployed,1,1
1185,68,65004,678,32870,48,24.23,employed,1,1
1186,74,103869,642,48221,24,28.59,employed,0,1
1187,19,108652,653,45942,48,17.15,employed,0,0
1188,32,132755,715,4453,36,5.08,self-employed,0,0
1189,28,76985,408,38275,36,30.5,employed,0,1
1190,25,70069,796,44370,60,16.43,self-employed,0,0
1191,43,72326,640,39396,60,19.88,employed,1,1
1192,68,128737,682,9328,60,5.23,unemployed,0,0
1193,62,101061,832,16534,12,19.76,unemployed,0,0
1194,61,43398,599,20744,60,34.59,employed,0,1
1195,22,118393,438,20389,12,13.35,employed,0,1
1196,23,70861,658,37320,60,16.86,employed,1,1
1197,43,95897,798,36010,12,25.62,employed,1,1
1198,71,101905,684,15665,48,29.44,employed,0,1
1199,21,147118,579,38865,48,17.52,self-employed,0,1
1200,36,88577,782,9640,36,14.29,employed,0,0
